Структура проекта

Директории:
  apps
  apps\api
  apps\core
  apps\core\forms
  apps\core\management
  apps\core\management\commands
  apps\core\models
  apps\core\utils
  apps\departments
  apps\departments\migrations
  apps\departments\tests
  apps\documents
  apps\documents\migrations
  apps\documents\services
  apps\documents\tests
  apps\employees
  apps\employees\migrations
  apps\employees\services
  apps\employees\tests
  apps\exporter
  apps\exporter\management
  apps\exporter\management\commands
  apps\importer
  apps\importer\management
  apps\importer\management\commands
  apps\importer\migrations
  apps\importer\services
  apps\organizations
  apps\organizations\migrations
  apps\organizations\services
  apps\organizations\tests
  apps\positions
  apps\positions\migrations
  apps\positions\tests
  config
  config\settings
  core
  core\utils
  docs
  docs\_build
  docs\_static
  docs\_templates
  docs\api
  docs\development
  docs\usage
  locale
  media
  requirements
  skip
  static
  static\css
  static\images
  static\img
  static\js
  templates
  templates\admin
  templates\admin\importer
  templates\documents
  templates\employees
  templates\importer
  templates\includes
  templates\organizations
  tests
  tests\employees
  tests\importer
  tests\organizations

Файлы:
  README.md
  apps\__init__.py
  apps\api\serializers.py
  apps\api\urls.py
  apps\core\__init__.py
  apps\core\apps.py
  apps\core\forms\search.py
  apps\core\management\__init__.py
  apps\core\management\commands\__init__.py
  apps\core\management\commands\cleanup.py
  apps\core\management\commands\generate_test_data.py
  apps\core\models.py
  apps\core\models\__init__.py
  apps\core\models\base.py
  apps\core\urls.py
  apps\core\utils\__init__.py
  apps\core\views.py
  apps\departments\__init__.py
  apps\departments\admin.py
  apps\departments\apps.py
  apps\departments\forms.py
  apps\departments\migrations\0001_initial.py
  apps\departments\migrations\__init__.py
  apps\departments\models.py
  apps\departments\services.py
  apps\departments\tests\__init__.py
  apps\departments\urls.py
  apps\departments\views.py
  apps\documents\__init__.py
  apps\documents\admin.py
  apps\documents\apps.py
  apps\documents\forms.py
  apps\documents\migrations\0001_initial.py
  apps\documents\migrations\__init__.py
  apps\documents\models.py
  apps\documents\serializers.py
  apps\documents\services.py
  apps\documents\services\__init__.py
  apps\documents\services\document_service.py
  apps\documents\tests\__init__.py
  apps\documents\tests\test_forms.py
  apps\documents\tests\test_models.py
  apps\documents\tests\test_views.py
  apps\documents\urls.py
  apps\documents\views.py
  apps\employees\__init__.py
  apps\employees\admin.py
  apps\employees\apps.py
  apps\employees\forms.py
  apps\employees\migrations\0001_initial.py
  apps\employees\migrations\__init__.py
  apps\employees\models.py
  apps\employees\serializers.py
  apps\employees\services.py
  apps\employees\services\__init__.py
  apps\employees\services\employee_service.py
  apps\employees\tests\__init__.py
  apps\employees\tests\test_forms.py
  apps\employees\tests\test_models.py
  apps\employees\tests\test_views.py
  apps\employees\urls.py
  apps\employees\views.py
  apps\exporter\management\__init__.py
  apps\exporter\management\commands\__init__.py
  apps\exporter\management\commands\export_data.py
  apps\importer\__init__.py
  apps\importer\admin.py
  apps\importer\apps.py
  apps\importer\forms.py
  apps\importer\management\__init__.py
  apps\importer\management\commands\__init__.py
  apps\importer\management\commands\import_data.py
  apps\importer\migrations\0001_initial.py
  apps\importer\migrations\__init__.py
  apps\importer\models.py
  apps\importer\serializers.py
  apps\importer\services\__init__.py
  apps\importer\services\import_handler.py
  apps\importer\services\import_service.py
  apps\importer\services\validators.py
  apps\importer\tasks.py
  apps\importer\views.py
  apps\organizations\__init__.py
  apps\organizations\admin.py
  apps\organizations\apps.py
  apps\organizations\forms.py
  apps\organizations\migrations\0001_initial.py
  apps\organizations\migrations\__init__.py
  apps\organizations\models.py
  apps\organizations\serializers.py
  apps\organizations\services.py
  apps\organizations\services\__init__.py
  apps\organizations\services\organization_service.py
  apps\organizations\tests\__init__.py
  apps\organizations\tests\test_forms.py
  apps\organizations\tests\test_models.py
  apps\organizations\tests\test_views.py
  apps\organizations\urls.py
  apps\organizations\views.py
  apps\positions\__init__.py
  apps\positions\admin.py
  apps\positions\apps.py
  apps\positions\forms.py
  apps\positions\migrations\0001_initial.py
  apps\positions\migrations\__init__.py
  apps\positions\models.py
  apps\positions\services.py
  apps\positions\tests\__init__.py
  apps\positions\urls.py
  apps\positions\views.py
  collect_structure.py
  config\__init__.py
  config\asgi.py
  config\celery.py
  config\settings.py
  config\settings\__init__.py
  config\settings\base.py
  config\settings\local.py
  config\settings\production.py
  config\urls.py
  config\wsgi.py
  core\utils\__init__.py
  core\utils\decorators.py
  core\utils\helpers.py
  core\utils\mixins.py
  core\utils\utils.py
  core\utils\validators.py
  docs\Makefile
  docs\api\index.rst
  docs\conf.py
  docs\development\index.rst
  docs\index.rst
  docs\installation.rst
  docs\usage\index.rst
  manage.py
  requirements.txt
  requirements\base.txt
  requirements\development.txt
  requirements\production.txt
  skip\collect_files.py
  skip\collect_files_path.py
  skip\collect_structure.py
  skip\create_structure.py
  skip\project_content.txt
  skip\run_project.py
  static\css\style.css
  static\js\import.js
  static\js\main.js
  static\js\utils.js
  templates\admin\importer\import_form.html
  templates\admin\importer\import_status.html
  templates\base.html
  templates\documents\document_detail.html
  templates\documents\document_form.html
  templates\documents\document_list.html
  templates\employees\employee_detail.html
  templates\employees\employee_form.html
  templates\employees\employee_list.html
  templates\organizations\organization_detail.html
  templates\organizations\organization_form.html
  templates\organizations\organization_list.html
  tests\conftest.py
  tests\employees\__init__.py
  tests\employees\test_employees.py
  tests\factories.py
  tests\importer\__init__.py
  tests\importer\test_import.py
  tests\organizations\__init__.py
  tests\organizations\test_organizations.py
